raceId,tavg,tmin,tmax,prcp,snow,wdir,wspd,wpgt,pres,tsun,date
18,14.0,,,3.7,,230,20.6,,1016.5,,1952-06-22
17,15.9,,,0.0,,127,10.3,,1015.9,,1952-05-30
13,18.1,,,0.0,,30,7.5,,1020.8,,1951-07-29
14,20.7,,,0.0,,351,3.7,,1017.5,,1951-09-16
19,22.4,,,4.1,,311,9.7,,1017.4,,1952-07-06
23,17.0,,,10.2,,344,5.7,,1006.2,,1952-09-07
24,22.5,,,0.0,,1,14.0,,1013.6,,1953-01-18
15,13.6,,,0.0,,270,8.6,,1017.1,,1951-10-28
3,20.2,,,4.4,,164,9.3,,1008.7,,1950-05-30
10,17.3,,,13.2,,206,7.6,,1016.9,,1951-06-17
2,20.2,,,0.0,,62,12.4,,1019.1,,1950-05-21
4,18.5,,,0.0,,63,4.0,,1022.6,,1950-06-04
8,11.2,,,18.0,,330,5.6,,1006.0,,1951-05-27
7,18.3,,,0.0,,12,5.8,,1012.5,,1950-09-03
6,19.9,,,0.0,,37,7.8,,1015.1,,1950-07-02
5,14.9,,,0.0,,249,9.6,,1016.2,,1950-06-18
11,14.5,,,0.0,,22,11.2,,1025.8,,1951-07-01
16,11.7,,,0.0,,48,6.7,,1017.6,,1952-05-18
12,13.8,,,0.2,,314,5.2,,1018.9,,1951-07-14
1,11.2,,,0.0,,49,17.8,,1022.4,,1950-05-13
9,19.1,,,0.0,,39,5.1,,1018.1,,1951-05-30
20,17.4,,,0.4,,277,15.5,,1020.2,,1952-07-19
26,11.7,,,0.0,,27,20.9,,1018.5,,1953-06-07
31,12.1,,,0.8,,233,5.3,,1021.2,,1953-08-23
39,11.9,,,33.7,,231,8.7,,1013.0,,1954-08-22
40,20.1,,,0.5,,337,4.2,,1016.7,,1954-09-05
35,20.1,,,2.2,,220,7.7,,1015.4,,1954-06-20
36,15.2,,,1.3,,234,18.5,,1006.0,,1954-07-04
42,27.5,,,0.0,,345,7.8,,1005.2,,1955-01-16
22,15.9,,,7.5,,354,15.6,,1011.7,,1952-08-17
25,25.8,,,0.0,,232,16.5,,1009.9,,1953-05-30
43,16.5,,,0.0,,235,8.4,,1018.3,,1955-05-22
49,27.0,,,2.2,,10,11.0,,1010.3,,1956-01-22
44,14.0,,,0.6,,329,16.1,,1015.0,,1955-05-30
45,12.9,,,0.0,,71,6.5,,1015.4,,1955-06-05
47,16.3,,,0.0,,325,6.3,,1023.7,,1955-07-16
51,24.8,,,6.7,,228,19.7,,1014.1,,1956-05-30
27,18.6,,,0.1,,159,6.9,,1014.6,,1953-06-21
28,18.0,,,0.0,,340,10.9,,1018.2,,1953-07-05
29,15.1,,,6.7,,242,16.7,,1010.1,,1953-07-18
32,17.3,,,0.0,,285,7.1,,1010.2,,1953-09-13
33,23.5,,,0.0,,64,14.4,,1011.2,,1954-01-17
41,17.1,,,0.0,,260,12.0,,1008.6,,1954-10-24
21,17.0,,,0.0,,233,14.8,,1013.6,,1952-08-03
37,14.2,,,12.1,,241,24.0,,997.0,,1954-07-17
34,23.0,,,0.7,,182,15.4,,1014.2,,1954-05-31
30,12.8,,,0.8,,300,7.0,,1016.1,,1953-08-02
38,11.8,,,1.2,,180,7.8,,1013.8,,1954-08-01
52,12.0,,,0.2,,244,13.0,,1019.4,,1956-06-03
53,17.9,,,3.4,,198,12.8,,1006.6,,1956-07-01
57,22.9,,,0.0,,157,17.4,,1014.2,,1957-01-13
58,16.2,,,1.4,,266,9.2,,1006.9,,1957-05-19
72,11.6,,,0.0,,273,9.2,,1024.8,,1958-08-03
82,24.5,,,0.0,,3,14.4,,1016.6,,1959-08-23
79,23.3,,,0.0,,123,9.0,,1017.2,,1959-07-05
80,17.3,,,3.7,,203,17.7,,1015.6,,1959-07-18
81,17.5,,,3.7,,278,12.4,,1010.1,,1959-08-02
83,18.3,,,0.0,,294,3.6,,1014.3,,1959-09-13
73,17.9,,,0.0,,253,6.8,,1017.3,,1958-08-24
84,19.8,,,1.0,,206,13.3,,1013.0,,1959-12-12
85,26.2,,,0.0,,324,16.0,,1012.7,,1960-02-07
86,18.5,,,5.2,,70,6.8,,1014.1,,1960-05-29
90,13.5,,,0.2,,349,9.9,,1016.2,,1960-07-03
88,17.1,,,4.3,,231,10.0,,1013.5,,1960-06-06
61,14.0,,,11.1,,268,11.3,,1001.1,,1957-07-20
59,19.8,,,1.3,,136,7.4,,1019.1,,1957-05-30
101,16.9,,,0.0,,31,3.9,,1018.7,,1961-09-10
107,14.4,,,2.7,,231,19.5,,1001.0,,1962-07-21
103,9.9,,,1.1,,248,28.7,,1010.8,,1962-05-20
91,14.8,,,0.1,,221,14.0,,1014.4,,1960-07-16
92,18.7,,,0.0,,305,8.0,,1015.9,,1960-08-14
123,17.7,,,0.0,,75,19.3,,1016.1,,1964-05-24
121,24.8,,,0.0,,84,15.4,,1009.7,,1963-12-28
122,18.1,,,0.1,,200,5.8,,1017.9,,1964-05-10
124,15.4,,,4.2,,240,14.8,,1012.2,,1964-06-14
137,16.4,,,0.0,,60,14.0,,1020.0,,1965-07-18
138,10.2,,,0.1,,265,9.9,,1011.6,,1965-08-01
128,14.3,,,10.9,,352,7.9,,1019.1,,1964-08-23
139,13.8,,,7.7,,350,4.5,,1013.2,,1965-09-12
140,8.7,,,0.1,,278,18.9,,1010.6,,1965-10-03
141,11.0,,,0.0,,26,8.7,,1022.5,,1965-10-24
142,17.8,,,0.0,,198,4.9,,1020.7,,1966-05-22
143,16.8,,,22.7,,259,6.6,,1017.4,,1966-06-12
129,18.5,,,8.8,,68,5.4,,1015.1,,1964-09-06
130,12.1,,,0.0,,254,15.6,,1010.7,,1964-10-04
133,15.0,,,0.7,,212,5.5,,1007.9,,1965-05-30
144,20.0,,,1.7,,146,7.4,,1013.7,,1966-07-03
131,14.5,,,0.0,,8,6.6,,1017.7,,1964-10-25
132,22.9,,,0.0,,210,17.6,,1008.0,,1965-01-01
145,14.5,,,3.6,,333,14.7,,1012.3,,1966-07-16
136,14.2,,,0.8,,242,15.6,,1016.6,,1965-07-10
156,15.8,,,0.2,,253,12.3,,1022.3,,1967-07-15
154,12.9,,,0.0,,15,12.2,,1020.9,,1967-06-18
152,13.9,,,0.0,,185,5.4,,1018.6,,1967-05-07
157,12.7,,,0.0,,63,7.1,,1023.7,,1967-08-06
153,14.3,,,0.4,,239,17.0,,1026.6,,1967-06-04
155,20.4,,,2.3,,355,9.7,,1016.3,,1967-07-02
159,14.9,,,0.6,,290,6.0,,1015.8,,1967-09-10
162,20.9,,,1.4,,47,8.9,,1015.0,,1968-01-01
163,12.1,,,0.0,,22,9.8,,1020.2,,1968-05-12
161,12.5,,,0.0,,3,6.8,,1020.5,,1967-10-22
168,15.4,,,0.1,,309,10.7,,1028.1,,1968-07-20
160,8.4,,,0.5,,293,10.3,,1019.4,,1967-10-01
164,17.7,,,0.1,,242,5.6,,1011.6,,1968-05-26
165,11.0,,,2.1,,354,15.6,,1020.6,,1968-06-09
166,15.1,,,3.1,,203,22.0,,1002.5,,1968-06-23
167,16.5,,,4.6,,139,9.7,,1013.6,,1968-07-07
169,14.3,,,34.5,,32,10.5,,1017.5,,1968-08-04
179,17.3,,,0.4,,233,22.5,,1022.2,,1969-07-19
180,17.6,,,0.0,,224,8.1,,1017.0,,1969-08-03
170,18.4,,,0.0,,342,4.0,,1018.6,,1968-09-08
172,6.4,,,2.2,,176,13.3,,1020.3,,1968-10-06
181,17.6,,,1.6,,20,5.1,,1018.2,,1969-09-07
178,17.8,,,0.8,,228,8.5,,1016.1,,1969-07-06
182,12.3,,,0.0,,126,11.0,,1030.5,,1969-09-20
186,13.3,,,0.0,,296,12.6,,1014.1,,1970-04-19
183,9.6,,,0.0,,168,8.8,,1026.7,,1969-10-05
184,16.6,,,0.0,,9,6.4,,1015.7,,1969-10-19
185,19.3,,,7.0,,73,9.6,,1015.3,,1970-03-07
188,17.7,,,0.3,,109,12.7,,1011.1,,1970-06-07
190,14.0,,,0.0,,23,8.5,,1024.5,,1970-07-05
187,12.7,,,20.2,,15,8.5,,1008.4,,1970-05-10
189,17.0,,,0.2,,273,9.1,,1024.1,,1970-06-21
193,18.2,,,0.6,,228,4.1,,1014.3,,1970-08-16
192,21.2,,,0.6,,29,6.7,,1017.8,,1970-08-02
191,17.5,,,0.0,,273,11.2,,1019.8,,1970-07-18
171,16.8,,,0.5,,305,11.2,,1021.6,,1968-09-22
173,15.2,,,0.0,,26,8.8,,1017.6,,1968-11-03
174,20.9,,,4.1,,323,7.7,,1014.1,,1969-03-01
175,15.0,,,2.3,,111,8.8,,1008.1,,1969-05-04
176,17.5,,,0.4,,191,7.4,,1012.0,,1969-05-18
177,14.2,,,1.2,,240,13.0,,1009.5,,1969-06-21
199,13.8,,,0.0,,213,7.8,,1020.3,,1971-04-18
210,18.4,,,5.7,,225,5.9,,1014.3,,1972-03-04
209,25.1,,,0.0,,33,10.8,,1011.2,,1972-01-23
212,11.7,,,7.8,,6,8.3,,1002.6,,1972-05-14
213,16.3,,,1.4,,191,15.2,,1009.7,,1972-06-04
217,22.1,,,0.0,,183,4.4,,1018.7,,1972-08-13
218,17.4,,,18.2,,75,7.8,,1008.9,,1972-09-10
219,15.1,,,4.6,,170,9.6,,1019.2,,1972-09-24
220,9.0,,,1.7,,284,14.6,,1000.6,,1972-10-08
221,22.8,,,0.0,,118,20.4,,1017.7,,1973-01-28
222,26.2,,,0.0,,319,16.9,,1010.1,,1973-02-11
223,20.5,,,8.4,,319,7.5,,1010.8,,1973-03-03
201,12.6,,,6.2,,228,20.7,,1010.7,,1971-06-20
203,13.3,,,0.0,,11,9.7,,1018.5,,1971-07-17
202,19.4,,,0.1,,272,7.2,,1012.3,,1971-07-04
224,15.1,,,0.0,,106,8.6,,1009.4,,1973-04-29
204,17.0,,,0.0,,40,5.7,,1015.5,,1971-08-01
206,19.7,,,0.0,,37,4.1,,1019.6,,1971-09-05
225,16.1,,,8.0,,199,10.8,,1003.1,,1973-05-20
205,21.7,,,0.0,,260,5.1,,1015.1,,1971-08-15
226,18.3,,,0.0,,139,4.8,,1016.6,,1973-06-03
227,14.4,,,0.0,,31,6.3,,1018.2,,1973-06-17
229,16.3,,,3.1,,159,10.5,,1004.9,,1973-07-14
228,21.6,,,0.0,,278,6.6,,1018.8,,1973-07-01
230,16.3,,,0.0,,2,21.4,,1021.9,,1973-07-29
231,15.4,,,0.0,,221,19.7,,1014.0,,1973-08-05
232,19.6,,,0.0,,243,4.9,,1018.6,,1973-08-19
233,21.2,,,0.0,,304,4.0,,1017.4,,1973-09-09
234,13.0,,,8.2,,318,8.5,,1016.9,,1973-09-23
235,11.6,,,1.7,,156,6.4,,1022.3,,1973-10-07
236,25.4,,,0.7,,288,19.8,,1003.1,,1974-01-13
237,22.9,,,2.3,,330,17.8,,1011.7,,1974-01-27
238,17.8,,,0.2,,87,16.4,,1020.4,,1974-03-30
239,8.7,,,7.1,,199,4.1,,999.9,,1974-04-28
240,12.6,,,0.0,,167,13.1,,1015.4,,1974-05-12
241,15.8,,,0.0,,91,5.9,,1018.5,,1974-05-26
246,17.2,,,11.6,,203,12.6,,1012.5,,1974-08-04
248,17.1,,,0.0,,75,4.2,,1014.8,,1974-09-08
247,22.8,,,0.0,,171,5.2,,1017.0,,1974-08-18
249,7.5,,,0.1,,318,14.7,,1019.4,,1974-09-22
242,10.4,,,0.0,,247,9.4,,1002.6,,1974-06-09
243,16.5,,,0.0,,18,16.3,,1013.5,,1974-06-23
253,18.2,,,6.1,,339,8.9,,1017.8,,1975-03-01
250,14.5,,,0.0,,212,11.5,,1022.8,,1974-10-06
252,24.4,,,2.4,,324,5.5,,1015.1,,1975-01-26
255,13.1,,,14.6,,46,14.1,,1009.6,,1975-05-11
256,11.8,,,0.2,,45,12.9,,1017.2,,1975-05-25
258,16.8,,,2.1,,21,28.3,,1022.8,,1975-06-22
257,17.2,,,0.0,,75,7.6,,1025.9,,1975-06-08
260,16.4,,,3.3,,221,12.3,,1014.3,,1975-07-19
261,19.6,,,0.0,,76,8.0,,1023.3,,1975-08-03
259,19.5,,,0.0,,144,8.4,,1011.6,,1975-07-06
251,21.6,,,4.4,,349,11.0,,1010.1,,1975-01-12
265,24.1,,,1.2,,332,13.8,,1007.0,,1976-01-25
254,15.8,,,0.0,,68,14.5,,1014.6,,1975-04-27
266,19.5,,,1.5,,29,9.3,,1014.4,,1976-03-06
267,14.5,,,0.0,,275,12.8,,1009.2,,1976-03-28
268,12.0,,,0.0,,6,5.6,,1015.8,,1976-05-02
269,14.3,,,0.0,,241,12.9,,1020.7,,1976-05-16
270,18.1,,,1.6,,160,5.0,,1017.0,,1976-05-30
271,13.5,,,6.5,,265,14.3,,1009.1,,1976-06-13
272,20.9,,,2.1,,292,5.5,,1017.0,,1976-07-04
273,18.4,,,0.0,,215,9.1,,1018.2,,1976-07-18
262,16.9,,,7.4,,258,5.2,,1013.4,,1975-08-17
263,18.0,,,14.2,,48,4.7,,1013.5,,1975-09-07
264,12.1,,,0.0,,178,12.0,,1025.4,,1975-10-05
274,10.0,,,2.4,,317,13.7,,1019.3,,1976-08-01
276,18.2,,,0.4,,125,13.1,,1012.8,,1976-08-29
275,13.9,,,8.7,,262,4.5,,1018.2,,1976-08-15
277,13.7,,,0.6,,8,4.6,,1018.1,,1976-09-12
287,12.7,,,4.7,,250,15.5,,1007.4,,1977-06-05
289,20.2,,,0.0,,48,5.7,,1016.0,,1977-07-03
244,14.1,,,0.0,,333,9.9,,1023.2,,1974-07-07
292,14.1,,,1.0,,321,4.8,,1015.7,,1977-08-14
298,23.4,,,0.0,,266,16.6,,1011.1,,1978-01-15
299,28.9,,,0.0,,65,8.2,,1014.1,,1978-01-29
301,14.0,,,0.4,,265,12.7,,1014.5,,1978-04-02
300,18.4,,,1.7,,359,5.8,,1014.4,,1978-03-04
297,13.0,,,0.0,,25,6.8,,1020.3,,1977-10-23
302,12.3,,,3.0,,163,3.7,,1006.8,,1978-05-07
304,19.3,,,0.0,,196,7.6,,1015.2,,1978-06-04
303,10.3,,,0.0,,307,6.9,,1013.6,,1978-05-21
305,12.2,,,0.0,,38,14.0,,1015.7,,1978-06-17
306,18.1,,,0.0,,315,4.7,,1017.0,,1978-07-02
307,14.7,,,0.0,,321,10.1,,1021.2,,1978-07-16
308,23.9,,,0.0,,81,7.6,,1014.5,,1978-07-30
309,12.6,,,8.4,,261,3.7,,1018.5,,1978-08-13
293,15.0,,,0.6,,17,17.2,,1020.1,,1977-08-28
310,14.1,,,1.0,,330,28.6,,1020.8,,1978-08-27
317,14.3,,,0.0,,225,9.0,,1015.3,,1979-04-08
314,24.5,,,0.0,,78,18.5,,1015.2,,1979-01-21
320,17.4,,,2.1,,108,6.9,,1015.4,,1979-05-27
318,9.5,,,0.0,,347,11.2,,1018.0,,1979-04-29
319,13.1,,,0.0,,11,5.0,,1032.4,,1979-05-13
330,21.1,,,9.2,,157,6.7,,1011.9,,1980-01-27
313,5.0,,,0.2,,287,19.8,,1012.2,,1978-10-08
331,19.6,,,0.0,,336,5.3,,1013.4,,1980-03-01
332,14.7,,,0.0,,221,8.0,,1012.7,,1980-03-30
339,15.4,,,2.2,,336,31.3,,1013.0,,1980-08-31
337,18.2,,,0.6,,360,4.6,,1018.5,,1980-08-10
336,13.3,,,8.8,,245,10.5,,1013.4,,1980-07-13
333,8.4,,,3.1,,55,16.7,,1011.2,,1980-05-04
342,6.8,,,0.0,,268,6.3,,1022.1,,1980-10-05
343,13.8,,,0.0,,291,8.0,,1019.6,,1981-03-15
341,8.2,,,0.0,,285,16.8,,1021.3,,1980-09-28
345,19.7,,,0.0,,143,8.7,,1016.0,,1981-04-12
344,23.9,,,8.7,,46,11.4,,1009.9,,1981-03-29
346,12.0,,,6.1,,40,11.7,,1003.9,,1981-05-03
347,12.1,,,4.3,,192,13.2,,1013.6,,1981-05-17
349,24.6,,,0.0,,46,6.8,,1013.1,,1981-06-21
350,15.9,,,0.0,,226,5.5,,1022.1,,1981-07-05
352,22.1,,,0.6,,351,6.2,,1018.0,,1981-08-02
351,12.9,,,1.0,,336,14.6,,1017.8,,1981-07-18
348,19.5,,,0.0,,63,9.2,,1018.3,,1981-05-31
353,20.3,,,0.1,,230,5.1,,1015.4,,1981-08-16
355,19.0,,,9.3,,86,4.4,,1016.5,,1981-09-13
354,15.4,,,0.0,,31,10.6,,1018.9,,1981-08-30
356,16.7,,,14.9,,188,17.1,,1007.9,,1981-09-27
334,12.5,,,5.9,,250,4.8,,1013.4,,1980-05-18
357,16.1,,,0.0,,347,7.6,,1019.5,,1981-10-17
358,19.1,,,0.8,,50,10.2,,1016.4,,1982-01-23
359,24.8,,,0.7,,126,6.4,,1014.0,,1982-03-21
360,13.8,,,0.0,,270,16.6,,1019.0,,1982-04-04
363,18.0,,,0.4,,236,11.4,,1012.7,,1982-05-23
361,9.5,,,0.0,,69,13.9,,1019.7,,1982-04-25
364,17.6,,,0.0,,12,19.0,,1016.7,,1982-06-06
365,15.3,,,3.6,,158,20.4,,1016.7,,1982-06-13
366,15.7,,,5.8,,314,16.5,,1007.1,,1982-07-03
362,9.4,,,3.6,,28,10.5,,1018.0,,1982-05-09
369,19.3,,,3.0,,319,4.9,,1016.7,,1982-08-08
371,14.9,,,0.0,,17,7.8,,1022.9,,1982-08-29
370,20.0,,,0.0,,213,5.3,,1018.4,,1982-08-15
338,17.2,,,0.6,,4,6.1,,1016.3,,1980-08-17
367,18.0,,,0.0,,59,7.7,,1027.7,,1982-07-18
373,28.7,,,0.0,,191,6.9,,1008.4,,1982-09-25
372,20.8,,,0.6,,17,4.3,,1022.2,,1982-09-12
377,17.0,,,0.0,,211,15.7,,1006.7,,1983-05-01
374,26.4,,,9.4,,186,8.5,,1012.7,,1983-03-13
376,11.6,,,1.1,,109,15.5,,1014.6,,1983-04-17
380,18.1,,,0.0,,266,13.2,,1009.3,,1983-06-05
375,13.5,,,0.1,,273,10.6,,1020.5,,1983-03-27
383,17.3,,,1.9,,27,6.6,,1019.8,,1983-08-07
379,9.4,,,0.7,,223,10.0,,1012.5,,1983-05-22
382,22.9,,,0.5,,191,5.5,,1013.8,,1983-07-16
381,21.3,,,0.0,,254,15.5,,1016.9,,1983-06-12
385,16.6,,,0.4,,26,19.2,,1023.9,,1983-08-28
386,17.7,,,32.6,,59,8.7,,1003.0,,1983-09-11
387,13.4,,,0.0,,67,9.1,,1032.8,,1983-09-25
368,21.3,,,0.0,,315,19.8,,1014.6,,1982-07-25
389,24.4,,,0.0,,71,11.4,,1011.8,,1984-03-25
388,17.8,,,0.0,,89,10.8,,1018.4,,1983-10-15
390,19.6,,,0.0,,269,6.8,,1016.3,,1984-04-07
391,8.7,,,0.0,,87,17.0,,1022.4,,1984-04-29
392,16.5,,,0.0,,230,8.0,,1013.1,,1984-05-06
400,15.6,,,0.0,,17,5.8,,1023.1,,1984-08-19
396,21.4,,,0.2,,286,22.8,,1009.3,,1984-06-24
398,17.2,,,0.0,,114,9.5,,1020.9,,1984-07-22
399,18.9,,,1.1,,235,9.7,,1019.2,,1984-08-05
395,19.6,,,0.0,,202,8.7,,1016.9,,1984-06-17
397,31.7,,,0.0,,173,12.9,,1014.5,,1984-07-08
384,14.3,,,0.0,,5,5.7,,1018.2,,1983-08-14
378,18.2,,,6.3,,51,10.6,,1011.0,,1983-05-15
401,16.9,,,0.0,,335,13.7,,1015.8,,1984-08-26
404,15.6,,,0.0,,355,16.7,,1024.0,,1984-10-21
405,26.4,,,0.5,,75,7.0,,1014.4,,1985-04-07
407,11.3,,,7.0,,43,6.1,,1007.6,,1985-05-05
409,16.6,,,1.2,,134,8.6,,1010.8,,1985-06-16
402,14.7,,,0.0,,293,3.8,,1012.8,,1984-09-09
406,13.0,,,3.2,,290,17.3,,1005.8,,1985-04-21
408,15.4,,,1.2,,94,5.8,,1017.5,,1985-05-19
410,22.2,,,0.0,,229,23.5,,1014.0,,1985-06-23
394,16.2,,,26.8,,77,11.7,,1010.6,,1984-06-03
416,18.0,,,0.0,,65,4.3,,1015.2,,1985-09-08
412,12.6,,,0.9,,241,17.6,,1019.9,,1985-07-21
413,11.2,,,3.2,,230,18.0,,1013.2,,1985-08-04
415,14.4,,,1.6,,225,27.8,,1006.6,,1985-08-25
414,15.1,,,27.4,,343,5.0,,1016.9,,1985-08-18
417,11.1,,,11.2,,241,16.6,,1015.7,,1985-09-15
418,14.7,,,0.2,,196,24.5,,1013.4,,1985-10-06
422,10.7,,,0.0,,46,9.5,,1015.6,,1986-04-13
424,17.2,,,0.0,,195,4.5,,1021.1,,1986-05-11
421,24.9,,,0.0,,82,11.0,,1015.3,,1986-03-23
429,15.9,,,0.7,,333,7.6,,1022.7,,1986-07-13
434,20.4,,,1.4,,167,7.6,,1023.8,,1986-09-21
433,18.0,,,0.0,,22,4.0,,1016.1,,1986-09-07
393,10.4,,,1.8,,164,8.9,,1000.7,,1984-05-20
435,16.8,,,0.0,,355,4.4,,1015.2,,1986-10-12
420,20.6,,,0.0,,131,13.4,,1019.0,,1985-11-03
438,18.0,,,0.0,,223,15.2,,1007.2,,1987-05-03
437,27.7,,,0.0,,36,11.7,,1010.3,,1987-04-12
423,12.6,,,12.6,,85,8.7,,1007.9,,1986-04-27
427,24.8,,,1.5,,232,20.2,,1013.4,,1986-06-22
425,12.3,,,0.0,,212,11.0,,1026.7,,1986-05-25
432,20.2,,,0.8,,251,5.5,,1015.3,,1986-08-17
419,18.3,,,0.1,,178,7.6,,1015.3,,1985-10-19
426,19.3,,,0.0,,243,13.9,,1015.2,,1986-06-15
428,21.0,,,2.1,,231,11.0,,1012.6,,1986-07-06
439,6.7,,,0.0,,211,9.6,,1015.8,,1987-05-17
451,14.1,,,0.0,,51,7.1,,1026.0,,1987-11-01
452,24.1,,,0.0,,83,14.4,,1012.7,,1987-11-15
454,14.7,,,0.0,,159,6.8,,1013.2,,1988-05-01
455,16.9,,,4.1,,257,5.4,,1009.9,,1988-05-15
456,18.4,,,0.8,,204,9.1,,1012.0,,1988-05-29
457,22.9,,,0.0,,249,19.1,,1009.6,,1988-06-12
458,26.4,,,0.0,,201,19.8,,1017.7,,1988-06-19
459,18.2,,,1.0,,305,8.3,,1006.6,,1988-07-03
460,15.5,,,3.8,,206,28.1,,1012.7,,1988-07-10
461,21.2,,,1.5,,234,11.7,,1014.5,,1988-07-24
462,18.8,,,0.0,,328,5.1,,1018.7,,1988-08-07
463,19.0,,,2.5,,185,19.6,,1008.5,,1988-08-28
464,19.2,,,0.0,,298,3.5,,1022.4,,1988-09-11
465,18.5,,,0.0,,353,8.7,,1022.7,,1988-09-25
466,23.8,,,0.0,,102,17.9,,1013.7,,1988-10-02
467,10.4,,,0.0,,317,22.9,,1013.8,,1988-10-30
468,25.2,,,0.5,,333,19.2,,1007.2,,1988-11-13
469,27.0,,,0.0,,49,10.2,,1012.7,,1989-03-26
470,11.1,,,0.0,,291,7.7,,1013.8,,1989-04-23
471,17.0,,,0.0,,73,8.9,,1013.7,,1989-05-07
472,16.8,,,0.0,,47,10.2,,1019.9,,1989-05-28
473,30.3,,,0.0,,224,10.1,,1006.8,,1989-06-04
474,16.9,,,5.1,,234,13.4,,1015.4,,1989-06-18
475,23.2,,,0.0,,287,11.0,,1017.0,,1989-07-09
476,17.1,,,0.0,,358,11.9,,1026.0,,1989-07-16
477,20.9,,,1.7,,234,12.5,,1011.3,,1989-07-30
480,17.0,,,0.0,,179,4.4,,1012.0,,1989-09-10
481,17.9,,,0.0,,345,12.3,,1015.9,,1989-09-24
482,23.0,,,0.3,,122,19.5,,1016.2,,1989-10-01
478,20.5,,,0.1,,296,8.8,,1012.3,,1989-08-13
479,13.0,,,12.1,,274,21.0,,1006.1,,1989-08-27
483,14.9,,,3.8,,359,5.0,,1019.3,,1989-10-22
484,16.5,,,8.6,,206,26.1,,1005.3,,1989-11-05
448,20.3,,,10.0,,339,10.6,,1015.1,,1987-09-20
486,22.0,,,0.0,,298,12.0,,1012.8,,1990-03-25
487,18.1,,,0.0,,87,5.5,,1013.7,,1990-05-13
502,20.2,,,6.7,,147,12.2,,1012.8,,1991-03-24
505,18.4,,,0.0,,294,12.0,,1009.4,,1991-06-02
510,22.2,,,0.0,,298,10.8,,1018.2,,1991-08-11
506,17.1,,,1.7,,34,5.4,,1016.8,,1991-06-16
511,15.7,,,0.0,,53,6.4,,1022.9,,1991-08-25
512,19.8,,,2.9,,102,12.8,,1016.9,,1991-09-08
513,20.6,,,0.0,,356,13.8,,1016.9,,1991-09-22
518,17.9,,,1.0,,220,7.9,,1013.5,,1992-03-22
523,19.1,,,0.6,,345,11.4,,1008.8,,1992-06-14
524,15.4,,,3.0,,313,10.2,,1010.3,,1992-07-05
525,15.4,,,1.9,,269,18.4,,1006.4,,1992-07-12
527,20.5,,,1.1,,338,7.6,,1017.0,,1992-08-16
526,21.9,,,0.0,,232,3.4,,1020.0,,1992-07-26
528,13.2,,,3.2,,190,24.3,,1003.9,,1992-08-30
529,19.1,,,0.0,,350,4.3,,1018.5,,1992-09-13
530,16.0,,,0.7,,286,11.4,,1017.8,,1992-09-27
531,15.0,,,0.0,,309,17.9,,1010.8,,1992-10-25
532,19.7,,,8.2,,322,28.5,,1002.7,,1992-11-08
533,21.1,,,0.1,,346,6.1,,1016.1,,1993-03-14
535,7.3,,,7.4,,82,17.8,,1001.1,,1993-04-11
534,20.9,,,20.3,,86,6.2,,1014.7,,1993-03-28
536,13.9,,,0.3,,310,5.6,,1012.6,,1993-04-25
538,17.2,,,0.0,,194,4.9,,1018.3,,1993-05-23
539,22.1,,,0.0,,251,10.3,,1020.7,,1993-06-13
542,19.6,,,1.5,,244,20.3,,1007.8,,1993-07-25
544,11.4,,,0.0,,351,6.4,,1027.4,,1993-08-29
545,16.3,,,0.0,,17,4.1,,1006.8,,1993-09-12
543,26.0,,,0.0,,136,10.4,,1019.9,,1993-08-15
514,17.7,,,4.7,,247,15.7,,998.6,,1991-09-29
546,16.1,,,0.0,,360,27.6,,1020.2,,1993-09-26
520,12.4,,,2.1,,31,17.0,,1014.2,,1992-05-03
554,18.9,,,20.0,,173,15.0,,1013.0,,1994-06-12
521,21.9,,,0.0,,201,5.0,,1020.1,,1992-05-17
555,25.5,,,0.1,,299,4.5,,1013.5,,1994-07-03
556,17.4,,,0.0,,211,15.5,,1020.6,,1994-07-10
557,25.1,,,0.0,,191,6.1,,1011.7,,1994-07-31
558,19.0,,,2.9,,301,12.7,,1016.4,,1994-08-14
559,14.2,,,5.2,,257,18.4,,1014.5,,1994-08-28
560,18.3,,,0.0,,27,4.5,,1015.3,,1994-09-11
561,16.0,,,0.3,,247,10.1,,1017.4,,1994-09-25
562,20.1,,,0.0,,249,7.2,,1016.5,,1994-10-16
565,18.3,,,1.5,,138,14.7,,1016.6,,1995-03-26
566,17.0,,,62.7,,174,18.8,,1011.0,,1995-04-09
537,15.4,,,0.0,,70,6.7,,1014.7,,1993-05-09
540,22.0,,,0.0,,54,5.1,,1022.6,,1993-07-04
541,11.1,,,0.7,,276,10.6,,1010.9,,1993-07-11
570,19.8,,,7.3,,192,16.8,,1007.2,,1995-06-11
547,13.2,,,0.0,,317,21.0,,1013.1,,1993-10-24
576,16.3,,,2.4,,56,6.3,,1015.7,,1995-09-10
574,21.3,,,0.0,,151,6.2,,1018.6,,1995-08-13
590,16.4,,,0.0,,282,11.0,,1019.3,,1996-06-30
580,15.6,,,10.0,,116,8.4,,1017.3,,1995-10-29
581,18.7,,,0.0,,64,18.8,,1023.7,,1995-11-12
582,17.6,,,0.0,,118,5.0,,1021.2,,1996-03-10
596,16.8,,,0.0,,338,18.5,,1016.1,,1996-09-22
597,18.7,,,0.7,,324,4.3,,1018.7,,1996-10-13
598,15.7,,,0.0,,171,18.6,,1019.9,,1997-03-09
599,17.2,,,0.1,,132,8.0,,1020.1,,1997-03-30
600,22.7,,,0.0,,312,12.5,,1007.0,,1997-04-13
601,13.5,,,8.6,,175,12.7,,1010.5,,1997-04-27
602,15.1,,,5.0,,61,11.8,,1019.7,,1997-05-11
603,19.1,,,0.9,,53,19.7,,1015.7,,1997-05-25
604,17.4,,,0.0,,257,13.6,,1012.2,,1997-06-15
605,15.7,,,15.8,,166,11.3,,1002.4,,1997-06-29
606,17.2,,,1.0,,204,14.6,,1015.1,,1997-07-13
612,13.6,,,0.0,,44,3.6,,1015.9,,1997-09-28
613,15.2,,,0.0,,312,13.4,,1013.1,,1997-10-12
614,20.2,,,0.8,,160,11.8,,1017.5,,1997-10-26
624,19.2,,,5.2,,132,4.3,,1016.9,,1998-07-26
623,15.9,,,1.5,,235,27.0,,1001.0,,1998-07-12
626,23.1,,,0.0,,113,5.3,,1018.6,,1998-08-16
625,17.3,,,5.1,,320,6.3,,1018.5,,1998-08-02
631,16.6,,,1.4,,194,13.5,,1020.9,,1999-03-07
633,17.5,,,0.0,,91,7.4,,1016.7,,1999-05-02
634,18.2,,,2.2,,123,5.3,,1010.2,,1999-05-16
635,21.1,,,0.0,,70,10.7,,1016.1,,1999-05-30
637,17.1,,,7.7,,225,12.1,,1009.5,,1999-06-27
641,18.0,,,0.4,,212,10.0,,1010.2,,1999-08-15
617,17.9,,,13.5,,118,19.2,,1013.5,,1998-04-12
616,22.0,,,8.2,,145,7.1,,1016.7,,1998-03-29
618,18.1,,,0.0,,148,6.6,,1013.1,,1998-04-26
619,16.4,,,0.0,,82,6.1,,1019.5,,1998-05-10
620,17.0,,,1.4,,96,6.0,,1009.3,,1998-05-24
643,20.7,,,0.0,,38,3.6,,1016.8,,1999-09-12
644,13.1,,,4.6,,224,14.2,,1007.5,,1999-09-26
621,12.1,,,0.2,,272,10.1,,1012.0,,1998-06-07
645,25.7,,,3.2,,279,3.5,,1009.4,,1999-10-17
647,22.2,,,0.0,,154,8.6,,1014.4,,2000-03-12
648,21.0,,,0.8,,127,8.3,,1015.7,,2000-03-26
646,15.0,,,0.0,,23,6.7,,1021.9,,1999-10-31
649,11.5,,,0.4,,145,7.0,,1014.4,,2000-04-09
650,8.6,,,0.8,,207,8.6,,1009.8,,2000-04-23
651,17.1,,,1.7,,66,9.4,,1012.5,,2000-05-07
622,17.7,,,0.0,,282,11.8,,1019.8,,1998-06-28
652,7.8,,,5.3,,200,11.8,,1009.5,,2000-05-21
654,14.2,,,1.9,,346,5.7,,1020.7,,2000-06-18
653,22.1,,,0.0,,110,4.9,,1019.0,,2000-06-04
656,11.8,,,0.0,,328,9.3,,1009.1,,2000-07-16
655,22.1,,,0.4,,232,10.0,,1010.0,,2000-07-02
657,16.8,,,4.4,,255,8.5,,1021.8,,2000-07-30
658,24.2,,,0.2,,338,6.5,,1015.8,,2000-08-13
659,15.5,,,5.5,,260,8.8,,1015.0,,2000-08-27
660,19.0,,,0.0,,59,4.4,,1021.0,,2000-09-10
661,14.5,,,10.5,,26,13.9,,1014.9,,2000-09-24
663,26.4,,,0.1,,299,8.0,,1008.6,,2000-10-22
664,20.3,,,0.0,,194,14.7,,1018.2,,2001-03-04
662,19.0,,,4.2,,107,11.4,,1018.8,,2000-10-08
665,26.3,,,1.6,,325,9.4,,1009.1,,2001-03-18
666,21.6,,,9.3,,25,4.7,,1015.5,,2001-04-01
667,7.0,,,0.0,,222,11.7,,1015.5,,2001-04-15
668,13.9,,,0.0,,214,11.0,,1012.3,,2001-04-29
669,12.4,,,0.0,,105,5.7,,1016.0,,2001-05-13
670,21.9,,,0.0,,257,5.7,,1022.0,,2001-05-27
672,15.5,,,0.0,,13,5.3,,1021.4,,2001-06-24
671,19.4,,,0.1,,251,12.0,,1008.4,,2001-06-10
674,12.6,,,0.1,,279,8.5,,1014.6,,2001-07-15
673,19.7,,,0.0,,359,10.5,,1026.6,,2001-07-01
675,24.3,,,0.0,,348,9.9,,1020.4,,2001-07-29
676,24.2,,,0.2,,105,6.8,,1012.0,,2001-08-19
680,17.6,,,0.0,,328,9.8,,1016.9,,2001-10-14
682,26.5,,,8.8,,183,4.9,,1009.6,,2002-03-17
681,16.5,,,1.0,,190,14.3,,1019.4,,2002-03-03
683,23.2,,,0.0,,321,8.3,,1014.8,,2002-03-31
685,15.2,,,0.0,,226,12.0,,1013.6,,2002-04-28
684,12.1,,,1.1,,229,6.8,,1004.2,,2002-04-14
686,13.0,,,7.4,,167,5.4,,1011.4,,2002-05-12
689,15.9,,,0.0,,315,8.2,,1020.0,,2002-06-23
678,14.7,,,0.0,,1,6.9,,1009.0,,2001-09-16
687,18.4,,,0.2,,207,6.8,,1008.0,,2002-05-26
690,14.8,,,0.4,,219,15.5,,1013.6,,2002-07-07
691,19.9,,,0.0,,321,9.2,,1015.9,,2002-07-21
692,22.1,,,0.0,,79,8.9,,1018.4,,2002-07-28
693,22.2,,,0.0,,44,9.8,,1013.9,,2002-08-18
696,19.5,,,0.0,,159,9.3,,1020.0,,2002-09-29
695,16.5,,,0.0,,294,5.8,,1011.8,,2002-09-15
697,18.6,,,0.0,,318,10.8,,1012.6,,2002-10-13
694,13.1,,,0.0,,28,14.5,,1028.1,,2002-09-01
698,16.2,,,1.1,,181,18.5,,1020.0,,2003-03-09
688,18.7,,,0.1,,285,16.7,,1015.9,,2002-06-09
699,27.2,,,1.9,,100,6.9,,1010.3,,2003-03-23
700,19.5,,,14.6,,165,6.2,,1013.4,,2003-04-06
701,12.8,,,0.0,,92,7.5,,1015.2,,2003-04-20
702,17.4,,,0.0,,72,9.8,,1018.6,,2003-05-04
704,20.1,,,1.1,,120,4.2,,1012.9,,2003-06-01
703,13.4,,,2.7,,313,3.8,,1017.1,,2003-05-18
705,15.6,,,0.2,,341,13.3,,1016.2,,2003-06-15
706,17.6,,,0.0,,5,4.0,,1010.2,,2003-06-29
707,18.2,,,0.0,,24,6.1,,1019.6,,2003-07-06
708,18.0,,,0.0,,201,17.1,,1013.0,,2003-07-20
709,28.4,,,0.0,,8,3.5,,1019.2,,2003-08-03
711,17.1,,,0.5,,57,5.7,,1023.4,,2003-09-14
710,23.5,,,0.0,,310,13.0,,1012.8,,2003-08-24
716,25.1,,,0.0,,120,23.1,,1009.7,,2004-04-04
713,20.5,,,12.9,,87,6.2,,1014.1,,2003-10-12
715,26.6,,,5.1,,320,7.0,,1008.0,,2004-03-21
714,16.0,,,0.0,,184,16.9,,1008.3,,2004-03-07
717,12.0,,,4.1,,55,10.5,,1017.0,,2004-04-25
718,12.3,,,0.0,,191,7.0,,1012.4,,2004-05-09
719,16.4,,,2.4,,123,6.5,,1014.0,,2004-05-23
629,13.1,,,0.8,,185,15.7,,1002.1,,1998-09-27
721,18.6,,,0.0,,175,11.5,,1017.5,,2004-06-13
720,13.3,,,1.6,,175,10.2,,1020.7,,2004-05-30
630,16.2,,,0.0,,323,6.8,,1017.1,,1998-11-01
722,17.5,,,0.0,,8,5.7,,1019.9,,2004-06-20
724,13.1,,,0.5,,299,13.2,,1012.7,,2004-07-11
723,19.0,,,0.0,,238,7.9,,1017.3,,2004-07-04
725,20.2,,,0.0,,298,8.0,,1018.8,,2004-07-25
726,19.6,,,0.0,,336,11.8,,1015.9,,2004-08-15
728,19.5,,,4.2,,105,6.2,,1018.7,,2004-09-12
727,15.0,,,0.2,,228,14.6,,1013.8,,2004-08-29
729,22.6,,,0.9,,26,12.0,,1016.3,,2004-09-26
632,18.6,,,0.0,,111,9.6,,1021.5,,1999-04-11
730,21.5,,,4.0,,137,13.7,,1008.3,,2004-10-10
731,21.7,,,6.8,,325,15.3,,1010.4,,2004-10-24
732,14.9,,,0.0,,244,13.9,,1022.4,,2005-03-06
735,13.7,,,2.2,,97,7.6,,1017.0,,2005-04-24
733,28.1,,,0.1,,251,6.6,,1009.3,,2005-03-20
734,26.8,,,0.0,,157,24.9,,1009.1,,2005-04-03
736,16.3,,,0.0,,163,8.0,,1013.2,,2005-05-08
737,18.6,,,0.1,,81,5.4,,1014.9,,2005-05-22
738,16.8,,,0.0,,14,10.3,,1018.2,,2005-05-29
739,25.6,,,0.5,,231,10.7,,1012.0,,2005-06-12
741,22.6,,,0.0,,115,7.7,,1016.5,,2005-07-03
740,19.2,,,0.0,,53,9.5,,1020.4,,2005-06-19
742,19.2,,,0.0,,31,11.1,,1029.2,,2005-07-10
743,18.8,,,2.2,,203,7.6,,1009.2,,2005-07-24
636,24.9,,,0.0,,181,12.0,,1019.5,,1999-06-13
744,28.0,,,1.5,,122,7.0,,1009.3,,2005-07-31
746,20.5,,,2.2,,67,7.7,,1022.2,,2005-09-04
748,19.1,,,22.2,,348,10.8,,1012.7,,2005-09-25
747,16.3,,,6.3,,330,7.7,,1010.9,,2005-09-11
745,22.8,,,0.5,,12,8.8,,1012.4,,2005-08-21
749,20.8,,,1.2,,297,10.3,,1018.5,,2005-10-09
751,19.0,,,0.0,,333,29.4,,1015.2,,2006-03-12
638,17.7,,,0.0,,29,18.9,,1022.9,,1999-07-11
764,27.0,,,0.0,,94,7.1,,1007.6,,2006-08-27
761,27.2,,,0.0,,52,8.1,,1020.3,,2006-07-16
762,25.2,,,0.1,,241,6.7,,1012.4,,2006-07-30
763,16.5,,,2.8,,238,11.2,,1008.7,,2006-08-06
767,17.5,,,0.0,,317,29.4,,1008.3,,2006-10-08
768,15.2,,,0.5,,124,9.5,,1019.6,,2006-10-22
769,16.0,,,0.0,,172,10.5,,1020.7,,2007-03-18
765,20.1,,,0.0,,96,6.0,,1024.3,,2006-09-10
770,26.1,,,3.6,,87,4.0,,1010.2,,2007-04-08
771,24.1,,,0.0,,0,25.4,,1014.5,,2007-04-15
774,19.6,,,0.4,,11,5.6,,1016.7,,2007-06-10
775,27.9,,,0.0,,234,7.2,,1015.7,,2007-06-17
773,18.2,,,3.3,,225,7.4,,1003.2,,2007-05-27
776,18.5,,,4.2,,224,6.8,,1011.8,,2007-07-01
777,13.2,,,0.0,,251,9.3,,1016.9,,2007-07-08
780,27.1,,,0.0,,21,11.5,,1013.9,,2007-08-26
779,20.7,,,0.0,,38,13.5,,1017.3,,2007-08-05
781,19.1,,,0.0,,253,5.4,,1013.4,,2007-09-09
782,14.0,,,0.0,,202,13.7,,1017.7,,2007-09-16
783,14.0,,,23.4,,33,7.2,,1019.4,,2007-09-30
785,24.5,,,2.0,,328,10.2,,1012.3,,2007-10-21
784,25.6,,,35.6,,62,21.4,,1006.2,,2007-10-07
794,14.2,,,11.8,,193,23.6,,1001.1,,2008-07-06
797,25.6,,,0.0,,148,9.2,,1013.6,,2008-08-24
798,13.1,,,2.1,,205,23.5,,1008.9,,2008-09-07
801,14.0,,,0.0,,103,4.5,,1016.4,,2008-10-12
802,22.3,,,0.9,,89,6.4,,1017.9,,2008-10-19
805,25.4,,,20.3,,349,5.0,,1009.5,,2009-04-05
803,21.2,,,8.8,,334,10.5,,1014.3,,2008-11-02
804,17.0,,,0.0,,195,9.4,,1022.2,,2009-03-29
806,18.4,,,24.0,,150,26.4,,1007.1,,2009-04-19
807,28.5,,,0.0,,144,22.1,,1007.6,,2009-04-26
808,17.8,,,0.3,,86,8.4,,1016.2,,2009-05-10
809,22.9,,,0.0,,30,4.3,,1019.8,,2009-05-24
810,23.2,,,0.0,,100,7.3,,1013.1,,2009-06-07
772,18.9,,,0.0,,222,11.2,,1011.5,,2007-05-13
811,13.3,,,0.0,,315,12.7,,1025.1,,2009-06-21
812,14.3,,,1.5,,213,13.9,,1012.6,,2009-07-12
813,19.7,,,0.0,,308,15.5,,1020.4,,2009-07-26
814,27.0,,,0.0,,124,8.7,,1014.7,,2009-08-23
815,12.8,,,0.0,,239,11.6,,1021.8,,2009-08-30
817,27.9,,,1.2,,200,9.4,,1008.5,,2009-09-27
816,20.1,,,0.3,,326,3.9,,1013.4,,2009-09-13
818,19.7,,,0.0,,326,7.7,,1015.3,,2009-10-04
819,19.3,,,24.5,,161,5.6,,1013.1,,2009-10-18
820,28.3,,,0.0,,30,10.8,,1012.9,,2009-11-01
821,23.0,,,0.0,,175,12.5,,1013.6,,2010-03-14
823,26.6,,,3.2,,120,8.7,,1010.5,,2010-04-04
822,20.8,,,4.3,,1,15.2,,1012.1,,2010-03-28
778,14.3,,,0.1,,235,13.5,,1013.3,,2007-07-22
824,15.8,,,3.1,,149,19.7,,1018.0,,2010-04-18
825,14.7,,,0.5,,217,10.3,,1007.8,,2010-05-09
830,19.1,,,0.1,,234,14.5,,1014.2,,2010-07-11
832,22.5,,,0.2,,300,9.1,,1015.4,,2010-08-01
833,11.0,,,10.0,,252,21.9,,1014.9,,2010-08-29
835,27.0,,,23.0,,189,5.5,,1009.9,,2010-09-26
836,21.0,,,11.0,,316,14.4,,1008.4,,2010-10-10
837,17.7,,,27.8,,33,13.0,,1013.1,,2010-10-24
793,22.7,,,0.5,,193,7.9,,1016.5,,2008-06-22
800,28.1,,,0.4,,171,10.5,,1010.2,,2008-09-28
841,25.0,,,31.2,,211,4.3,,1011.9,,2011-04-10
842,14.1,,,0.0,,136,6.2,,1011.2,,2011-04-17
843,11.0,,,0.0,,31,7.9,,1016.9,,2011-05-08
844,20.0,,,0.0,,225,8.2,,1019.9,,2011-05-22
826,15.8,,,1.4,,332,6.2,,1007.9,,2010-05-16
848,15.5,,,0.6,,262,6.8,,1017.5,,2011-07-10
849,9.4,,,6.5,,246,14.1,,1010.6,,2011-07-24
850,16.0,,,1.9,,291,16.9,,1010.4,,2011-07-31
851,12.2,,,0.5,,230,19.2,,1018.3,,2011-08-28
839,26.7,,,0.4,,2,12.6,,1012.8,,2010-11-14
853,27.3,,,0.6,,185,8.2,,1010.4,,2011-09-25
855,17.7,,,0.1,,279,18.6,,1013.3,,2011-10-16
856,22.4,,,0.0,,294,5.6,,1011.0,,2011-10-30
861,15.4,,,0.0,,129,8.5,,1012.0,,2012-04-15
866,25.9,,,0.0,,90,8.9,,1019.9,,2012-06-24
845,19.1,,,0.0,,99,5.0,,1017.4,,2011-05-29
871,21.3,,,0.0,,82,4.4,,1017.2,,2012-09-09
870,13.3,,,0.0,,229,6.0,,1025.3,,2012-09-02
872,26.8,,,6.5,,204,6.0,,1009.6,,2012-09-23
874,18.2,,,0.0,,6,12.5,,1018.2,,2012-10-14
873,20.3,,,0.0,,325,11.3,,1015.7,,2012-10-07
877,14.5,,,0.0,,162,9.6,,1024.1,,2012-11-18
875,21.1,,,0.0,,332,6.7,,1014.6,,2012-10-28
876,27.9,,,0.0,,9,12.3,,1013.0,,2012-11-04
847,26.0,,,0.0,,115,8.8,,1020.3,,2011-06-26
878,18.1,,,16.2,,164,14.2,,1015.5,,2012-11-25
880,26.2,,,6.3,,159,4.7,,1009.6,,2013-03-24
881,17.7,,,0.0,,253,15.3,,1011.2,,2013-04-14
882,25.4,,,0.0,,338,22.1,,1004.1,,2013-04-21
883,14.9,,,2.3,,134,9.6,,1020.9,,2013-05-12
884,13.7,,,0.0,,147,6.8,,1011.4,,2013-05-26
885,18.0,,,0.3,,272,13.2,,1018.2,,2013-06-09
852,22.7,,,0.1,,240,3.7,,1015.4,,2011-09-11
886,16.5,,,0.0,,251,18.2,,1021.1,,2013-06-30
887,17.9,,,0.0,,44,11.7,,1029.0,,2013-07-07
890,21.0,,,8.2,,97,9.2,,1017.3,,2013-09-08
891,28.2,,,1.8,,164,12.0,,1009.0,,2013-09-22
892,22.4,,,2.7,,79,15.8,,1019.9,,2013-10-06
893,19.5,,,0.0,,332,14.9,,1019.1,,2013-10-13
854,17.6,,,0.0,,314,5.5,,1024.0,,2011-10-09
895,28.8,,,0.0,,120,12.7,,1013.2,,2013-11-03
888,28.2,,,0.0,,179,9.7,,1013.6,,2013-07-28
889,14.8,,,2.7,,234,7.6,,1012.0,,2013-08-25
894,23.9,,,0.0,,312,5.3,,1010.9,,2013-10-27
896,24.1,,,0.0,,198,11.7,,1010.1,,2013-11-17
897,18.6,,,9.4,,121,13.6,,1016.2,,2013-11-24
901,14.8,,,0.0,,47,11.8,,1016.9,,2014-04-20
899,26.8,,,3.3,,133,6.6,,1008.8,,2014-03-30
898,16.1,,,0.7,,297,15.2,,1006.4,,2014-03-16
900,22.4,,,0.0,,341,20.6,,1018.4,,2014-04-06
857,22.7,,,0.0,,316,7.0,,1014.8,,2011-11-13
858,19.8,,,14.4,,146,8.6,,1013.9,,2011-11-27
902,18.0,,,0.0,,123,8.0,,1016.6,,2014-05-11
903,17.4,,,0.3,,227,4.7,,1016.9,,2014-05-25
906,15.4,,,0.0,,261,12.6,,1004.6,,2014-07-06
905,17.6,,,0.6,,81,4.2,,1017.0,,2014-06-22
907,23.4,,,1.6,,240,6.7,,1009.8,,2014-07-20
916,23.7,,,0.0,,301,7.5,,1013.6,,2014-11-23
920,24.8,,,0.0,,334,27.4,,1012.2,,2015-04-19
923,16.1,,,0.0,,159,10.6,,1018.1,,2015-06-07
924,12.0,,,0.7,,314,4.6,,1018.0,,2015-06-21
928,17.3,,,0.0,,360,5.9,,1016.4,,2015-09-06
917,15.4,,,0.3,,182,17.6,,1016.8,,2015-03-15
931,14.6,,,0.5,,150,5.6,,1020.1,,2015-10-11
932,16.7,,,8.2,,348,24.7,,1016.1,,2015-10-25
933,15.3,,,3.2,,26,5.4,,1015.7,,2015-11-01
934,21.4,,,1.2,,156,7.4,,1013.3,,2015-11-15
935,24.2,,,0.0,,305,12.8,,1016.0,,2015-11-29
936,15.8,,,0.0,,153,9.4,,1019.7,,2016-03-20
938,16.5,,,1.5,,350,11.3,,1015.6,,2016-04-17
941,18.0,,,11.2,,226,8.9,,1008.4,,2016-05-29
948,21.9,,,0.2,,232,14.6,,1014.7,,2016-08-28
937,20.0,,,0.0,,355,11.0,,1017.4,,2016-04-03
951,28.2,,,0.0,,305,11.5,,1009.9,,2016-10-02
952,20.2,,,18.3,,310,17.4,,1009.9,,2016-10-09
939,15.5,,,0.6,,188,5.2,,1018.4,,2016-05-01
953,20.8,,,0.0,,174,11.3,,1020.7,,2016-10-23
954,13.7,,,1.6,,12,7.9,,1020.6,,2016-10-30
940,15.8,,,0.0,,127,8.9,,1017.2,,2016-05-15
955,17.1,,,17.0,,135,12.2,,1015.0,,2016-11-13
942,12.2,,,1.3,,292,20.9,,1003.5,,2016-06-12
956,24.3,,,0.0,,39,14.4,,1016.6,,2016-11-27
943,26.1,,,0.0,,24,23.1,,1014.8,,2016-06-19
957,20.3,,,0.0,,183,6.6,,1013.2,,2017-03-26
958,11.9,,,6.9,,43,18.9,,1012.3,,2017-04-09
944,14.1,,,2.6,,340,4.6,,1019.3,,2016-07-03
946,23.5,,,0.1,,67,7.4,,1016.4,,2016-07-24
959,26.1,,,0.0,,337,30.3,,1009.0,,2017-04-16
945,17.5,,,1.3,,216,22.8,,1007.2,,2016-07-10
947,20.8,,,1.8,,285,8.6,,1013.5,,2016-07-31
960,19.0,,,0.0,,7,3.9,,1014.0,,2017-04-30
961,19.3,,,0.1,,111,6.0,,1022.5,,2017-05-14
962,23.9,,,0.0,,125,5.3,,1020.4,,2017-05-28
963,23.8,,,0.3,,230,25.6,,1008.7,,2017-06-11
964,24.1,,,0.0,,228,15.7,,1010.6,,2017-06-25
967,23.5,,,0.0,,150,7.6,,1016.6,,2017-07-30
966,18.7,,,1.6,,276,16.5,,1022.2,,2017-07-16
965,21.9,,,0.4,,160,4.3,,1016.0,,2017-07-09
968,18.2,,,0.1,,45,5.7,,1018.0,,2017-08-27
969,17.6,,,0.0,,71,6.7,,1011.3,,2017-09-03
970,27.5,,,14.5,,140,14.8,,1011.0,,2017-09-17
971,25.9,,,14.3,,341,5.4,,1010.5,,2017-10-01
973,21.5,,,36.9,,341,18.8,,1017.8,,2017-10-22
972,20.7,,,0.0,,259,5.5,,1022.0,,2017-10-08
974,15.7,,,0.1,,253,6.5,,1016.0,,2017-10-29
975,19.4,,,0.0,,270,9.0,,1008.4,,2017-11-12
977,19.9,,,5.2,,311,26.9,,1000.9,,2018-03-25
976,23.7,,,0.0,,310,18.1,,1019.6,,2017-11-26
978,26.5,,,0.0,,24,11.9,,1010.5,,2018-04-08
979,13.2,,,0.0,,336,10.8,,1019.3,,2018-04-15
980,15.9,,,0.5,,356,38.0,,1018.7,,2018-04-29
981,13.1,,,23.5,,179,10.6,,1015.1,,2018-05-13
982,24.1,,,0.4,,72,10.7,,1016.5,,2018-05-27
984,19.9,,,0.0,,135,7.0,,1016.7,,2018-06-24
983,15.2,,,0.0,,29,8.0,,1019.4,,2018-06-10
985,14.6,,,0.0,,115,5.4,,1017.0,,2018-07-01
986,22.1,,,0.0,,6,11.1,,1025.6,,2018-07-08
949,23.2,,,0.0,,314,3.1,,1015.2,,2016-09-04
988,27.0,,,0.0,,348,8.2,,1011.2,,2018-07-29
987,21.5,,,2.1,,305,7.0,,1013.5,,2018-07-22
989,12.2,,,2.2,,199,12.2,,1016.4,,2018-08-26
991,27.6,,,1.2,,167,16.0,,1008.3,,2018-09-16
992,19.9,,,0.0,,351,5.3,,1016.8,,2018-09-30
993,23.1,,,0.0,,295,12.5,,1012.0,,2018-10-07
995,15.2,,,1.0,,337,8.2,,1020.6,,2018-10-28
994,17.1,,,0.0,,29,15.5,,1024.1,,2018-10-21
996,20.5,,,1.6,,117,8.9,,1013.2,,2018-11-11
997,26.9,,,0.6,,145,22.4,,1015.6,,2018-11-25
1001,14.7,,,0.0,,197,18.2,,1013.7,,2019-04-28
998,19.1,,,0.0,,220,8.4,,1017.0,,2019-03-17
999,25.2,,,0.0,,94,28.7,,1008.3,,2019-03-31
1000,14.1,,,0.0,,16,10.3,,1018.7,,2019-04-14
1002,15.9,,,0.0,,197,8.3,,1022.6,,2019-05-12
1003,18.5,,,1.1,,264,4.3,,1011.9,,2019-05-26
1013,17.8,,,0.8,,164,5.9,,1017.3,,2019-09-29
1004,20.0,,,0.0,,167,9.4,,1023.9,,2019-06-09
1006,23.2,,,0.0,,193,4.9,,1020.2,,2019-06-30
1005,22.5,,,0.0,,264,7.8,,1015.2,,2019-06-23
1007,16.2,,,1.2,,40,11.3,,1023.4,,2019-07-14
1008,21.2,,,11.7,,267,8.7,,1002.2,,2019-07-28
1009,19.1,,,0.1,,328,8.8,,1013.8,,2019-08-04
1010,15.3,,,0.9,,293,13.0,,1015.7,,2019-09-01
1011,15.8,,,70.3,,52,8.3,,1012.0,,2019-09-08
1012,28.9,,,0.0,,120,17.0,,1010.3,,2019-09-22
1014,19.7,,,0.0,,301,28.9,,1010.9,,2019-10-13
1015,16.2,,,12.2,,273,4.5,,1015.5,,2019-10-27
1016,13.5,,,0.0,,161,12.3,,1022.5,,2019-11-03
1019,19.5,,,0.0,,156,3.6,,1018.1,,2020-07-05
1031,14.3,,,0.0,,246,6.7,,1022.3,,2020-11-01
1038,13.9,,,0.0,,346,15.6,,1018.1,,2021-05-02
1049,23.2,,,0.0,,78,5.7,,1016.0,,2021-09-12
1042,23.4,,,1.7,,129,15.5,,1011.5,,2021-06-20
1043,19.6,,,4.9,,176,3.4,,1017.7,,2021-06-27
1044,17.8,,,2.0,,122,3.6,,1013.4,,2021-07-04
1050,15.9,,,1.3,,150,10.1,,1023.0,,2021-09-26
1035,22.0,,,0.0,,328,13.1,,1017.6,,2020-12-13
1051,15.1,,,0.4,,20,12.9,,1022.0,,2021-10-03
1053,14.7,,,0.0,,331,8.5,,1021.4,,2021-11-07
1054,16.6,,,0.0,,113,15.3,,1017.6,,2021-11-14
1055,25.7,,,0.0,,128,17.7,,1013.3,,2021-11-21
1057,23.6,,,0.0,,317,14.8,,1018.8,,2021-12-12
1056,26.6,,,0.0,,180,11.0,,1013.8,,2021-12-05
1058,20.5,,,0.0,,325,17.2,,1012.9,,2022-03-20
1064,22.1,,,3.4,,241,8.8,,1003.8,,2022-05-29
1037,9.4,,,0.7,,41,7.2,,1016.2,,2021-04-18
1059,25.4,,,0.0,,332,19.1,,1012.9,,2022-03-27
1065,24.0,,,0.0,,169,13.0,,1008.9,,2022-06-12
1060,21.2,,,0.0,,351,17.0,,1016.9,,2022-04-10
1061,13.2,,,3.3,,205,12.9,,1005.5,,2022-04-24
1062,26.3,,,2.0,,249,9.5,,1010.9,,2022-05-08
1063,25.7,,,0.0,,230,9.7,,1012.4,,2022-05-22
1068,15.6,,,3.9,,317,6.8,,1019.7,,2022-07-10
1069,27.2,,,0.0,,265,8.0,,1016.7,,2022-07-24
1070,17.9,,,7.9,,303,18.7,,1012.8,,2022-07-31
1071,16.4,,,0.5,,31,10.5,,1019.4,,2022-08-28
1072,19.5,,,0.2,,138,8.4,,1016.5,,2022-09-04
1073,20.2,,,0.0,,70,5.5,,1014.9,,2022-09-11
1075,17.2,,,18.1,,55,7.9,,1020.8,,2022-10-09
1074,26.2,,,17.0,,11,6.1,,1009.3,,2022-10-02
1076,24.8,,,0.6,,174,26.4,,1010.6,,2022-10-23
1077,17.0,,,0.9,,255,6.5,,1016.0,,2022-10-30
1078,20.1,,,0.4,,105,10.0,,1012.9,,2022-11-13
1079,27.7,,,0.0,,317,20.6,,1015.1,,2022-11-20
1080,24.8,,,0.0,,192,9.5,,1018.9,,2023-03-05
1081,25.3,,,0.0,,337,15.7,,1011.5,,2023-03-19
1082,12.5,,,0.0,,146,9.2,,1020.5,,2023-04-02
1083,20.5,,,0.2,,7,11.9,,1006.1,,2023-04-30
1085,21.4,,,6.9,,36,5.8,,1014.4,,2023-05-28
1086,19.0,,,10.8,,115,6.7,,1015.3,,2023-06-04
1087,15.6,,,0.3,,38,15.3,,1012.5,,2023-06-18
1088,17.9,,,0.3,,301,5.0,,1011.6,,2023-07-02
1089,17.6,,,0.3,,209,12.5,,1018.3,,2023-07-09
1084,24.1,,,1.9,,72,18.0,,1019.2,,2023-05-07
1090,22.6,,,0.0,,229,8.7,,1016.3,,2023-07-23
1091,15.5,,,2.4,,248,20.2,,1013.9,,2023-07-30
1092,15.3,,,4.4,,242,17.6,,1008.3,,2023-08-27
1093,22.3,,,0.0,,295,6.2,,1021.7,,2023-09-03
1094,28.6,,,2.7,,139,10.3,,1009.7,,2023-09-17
1097,25.6,,,0.2,,170,15.0,,1012.5,,2023-10-22
1099,17.5,,,0.3,,149,15.2,,1016.9,,2023-11-05
1102,16.8,,,0.0,,324,11.2,,1019.0,,2024-03-02
1096,32.8,,,0.0,,22,8.7,,1009.5,,2023-10-08
1095,22.8,,,0.0,,162,8.1,,1017.1,,2023-09-24
1103,23.9,,,0.0,,345,17.8,,1013.8,,2024-03-09
1104,15.9,,,0.0,,244,13.2,,1022.6,,2024-03-24
1098,17.2,,,0.0,,316,7.4,,1014.9,,2023-10-29
1105,15.5,,,0.0,,105,4.6,,1017.7,,2024-04-07
1100,14.7,,,0.0,,206,7.9,,1013.7,,2023-11-18
1106,16.1,,,4.6,,1,7.1,,1011.5,,2024-04-21
1101,24.8,,,0.0,,347,9.3,,1015.6,,2023-11-26
1107,25.3,,,0.3,,109,13.2,,1016.7,,2024-05-05
1108,18.7,,,0.2,,82,5.9,,1011.5,,2024-05-19
1109,17.9,,,0.0,,169,4.6,,1018.3,,2024-05-26
1110,16.3,,,4.4,,248,18.3,,999.0,,2024-06-09
1111,20.0,,,2.8,,196,7.9,,1016.3,,2024-06-23
1112,22.7,,,0.0,,231,6.9,,1011.0,,2024-06-30
1114,23.7,,,0.2,,256,5.8,,1008.8,,2024-07-21
1113,12.6,,,2.0,,235,15.7,,1008.8,,2024-07-07
1115,15.9,,,0.0,,321,8.0,,1024.6,,2024-07-28
1117,25.1,,,19.1,,12,7.6,,1015.3,,2024-09-01
1116,16.8,,,3.4,,248,24.6,,1016.4,,2024-08-25
1118,23.5,,,0.0,,11,17.7,,1014.6,,2024-09-15
1119,29.0,,,0.0,,119,7.7,,1008.3,,2024-09-22
1120,23.0,,,0.0,,82,9.6,,1024.9,,2024-10-20
1121,15.0,,,2.4,,335,11.1,,1022.3,,2024-10-27
1041,21.4,,,0.0,,353,25.7,,1012.8,,2021-06-06
1047,12.6,,,7.5,,330,18.1,,1019.9,,2021-08-29
1132,18.0,,,1.0,,227,18.6,,1015.1,,2025-05-18
65,18.8,,,0.0,,159,10.7,,1017.2,,1958-01-19
67,11.9,,,21.4,,216,18.0,,1011.4,,1958-05-26
63,22.2,,,0.0,,113,8.4,,1010.5,,1957-08-18
64,19.0,,,0.0,,59,4.8,,1019.9,,1957-09-08
62,15.0,,,0.0,,68,9.2,,1022.7,,1957-08-04
56,18.8,,,4.8,,299,6.8,,1021.0,,1956-09-02
50,16.1,,,1.3,,31,5.2,,1017.1,,1956-05-13
68,19.3,,,0.0,,194,10.7,,1015.6,,1958-05-30
70,17.4,,,0.9,,309,6.7,,1017.3,,1958-07-06
71,17.9,,,0.0,,137,9.8,,1015.4,,1958-07-19
69,15.4,,,0.0,,117,9.0,,1023.5,,1958-06-15
87,19.3,,,3.5,,271,18.1,,1013.0,,1960-05-30
77,23.2,,,9.4,,183,6.2,,1016.5,,1959-05-30
76,17.1,,,0.6,,52,8.6,,1008.2,,1959-05-10
89,18.2,,,0.3,,353,11.5,,1022.1,,1960-06-19
95,16.3,,,0.0,,170,5.1,,1016.4,,1961-05-14
93,19.5,,,3.5,,51,3.6,,1009.9,,1960-09-04
97,16.7,,,2.5,,243,15.4,,1018.3,,1961-06-18
98,24.9,,,0.0,,85,6.3,,1019.2,,1961-07-02
99,12.9,,,22.2,,314,25.7,,997.0,,1961-07-15
100,16.6,,,1.7,,261,7.9,,1011.4,,1961-08-06
102,15.0,,,0.0,,338,6.0,,1022.5,,1961-10-08
104,16.0,,,8.8,,117,5.4,,1018.4,,1962-06-03
105,15.6,,,0.1,,50,8.0,,1022.4,,1962-06-17
106,17.9,,,0.0,,103,12.6,,1018.9,,1962-07-08
94,11.5,,,0.0,,25,6.9,,1017.7,,1960-11-20
109,18.2,,,1.5,,48,5.2,,1013.7,,1962-09-16
110,10.7,,,0.0,,329,13.7,,1008.8,,1962-10-07
96,11.4,,,0.0,,9,16.4,,1018.8,,1961-05-22
111,21.2,,,0.1,,234,33.4,,1015.5,,1962-12-29
112,18.1,,,0.5,,310,4.7,,1016.4,,1963-05-26
113,16.6,,,7.6,,83,6.4,,1014.0,,1963-06-09
114,14.1,,,0.1,,251,19.5,,1017.1,,1963-06-23
115,16.2,,,0.2,,182,10.6,,1016.7,,1963-06-30
116,17.0,,,0.2,,338,7.7,,1024.4,,1963-07-20
117,17.4,,,4.6,,213,17.2,,1011.3,,1963-08-04
108,14.2,,,17.2,,228,8.8,,1013.1,,1962-08-05
118,15.6,,,0.0,,239,5.5,,1012.6,,1963-09-08
119,14.0,,,0.0,,222,12.0,,1021.7,,1963-10-06
120,13.6,,,2.4,,36,4.9,,1017.7,,1963-10-27
125,15.7,,,0.0,,302,11.0,,1023.8,,1964-06-28
134,14.5,,,8.0,,273,9.9,,1020.2,,1965-06-13
135,16.4,,,10.4,,25,4.6,,1022.7,,1965-06-27
146,17.3,,,0.0,,220,22.1,,1007.7,,1966-07-24
147,12.6,,,1.1,,198,12.8,,1010.9,,1966-08-07
151,20.6,,,5.3,,130,7.9,,1011.8,,1967-01-02
158,19.6,,,9.6,,160,7.3,,1009.8,,1967-08-27
126,15.1,,,5.5,,234,22.1,,1011.9,,1964-07-11
127,12.7,,,2.2,,304,22.3,,1016.5,,1964-08-02
195,14.7,,,0.0,,211,12.6,,1018.5,,1970-09-20
197,17.7,,,0.0,,40,7.0,,1013.2,,1970-10-25
198,20.3,,,0.1,,323,9.5,,1011.9,,1971-03-06
148,19.9,,,0.3,,245,4.4,,1018.5,,1966-09-04
149,7.4,,,0.0,,285,9.4,,1019.5,,1966-10-02
150,14.8,,,0.0,,1,6.4,,1016.7,,1966-10-23
207,14.9,,,5.2,,121,14.0,,1019.8,,1971-09-19
211,8.3,,,16.7,,201,13.2,,1000.1,,1972-05-01
194,22.2,,,0.0,,279,10.0,,1014.1,,1970-09-06
214,9.9,,,0.7,,306,11.7,,1023.5,,1972-07-02
215,14.6,,,0.0,,45,16.7,,1027.6,,1972-07-15
196,7.6,,,0.1,,271,12.6,,1016.4,,1970-10-04
216,13.2,,,0.1,,303,6.9,,1014.7,,1972-07-30
245,17.3,,,1.0,,313,15.4,,1021.6,,1974-07-20
278,14.2,,,0.0,,28,10.0,,1017.6,,1976-10-03
279,5.1,,,0.1,,297,17.8,,1011.8,,1976-10-10
200,14.5,,,8.6,,226,6.1,,1003.2,,1971-05-23
280,15.7,,,7.5,,2,6.8,,1003.1,,1976-10-24
281,28.1,,,0.5,,7,16.4,,1005.9,,1977-01-09
208,17.4,,,0.0,,41,7.0,,1016.4,,1971-10-03
284,14.2,,,0.0,,244,10.9,,1019.0,,1977-04-03
285,14.7,,,0.0,,20,5.5,,1016.7,,1977-05-08
286,16.2,,,0.4,,58,5.7,,1017.2,,1977-05-22
290,15.2,,,0.8,,269,12.4,,1020.4,,1977-07-16
288,18.3,,,0.1,,282,7.8,,1006.0,,1977-06-19
291,19.1,,,11.1,,357,18.3,,1007.2,,1977-07-31
294,16.8,,,0.0,,332,3.5,,1022.4,,1977-09-11
295,9.1,,,1.7,,323,11.1,,1007.5,,1977-10-02
282,20.7,,,2.0,,135,8.0,,1011.7,,1977-01-23
312,13.0,,,5.8,,210,13.0,,1015.4,,1978-10-01
311,20.3,,,0.0,,278,4.2,,1017.4,,1978-09-10
315,19.7,,,3.9,,153,12.5,,1011.9,,1979-02-04
321,12.4,,,0.0,,357,12.2,,1021.7,,1979-07-01
283,17.5,,,2.0,,5,10.9,,1016.1,,1977-03-05
316,20.0,,,3.5,,141,9.4,,1011.8,,1979-03-03
322,15.1,,,0.0,,313,10.6,,1026.7,,1979-07-14
323,23.0,,,0.1,,236,8.2,,1013.3,,1979-07-29
324,12.1,,,0.8,,334,6.4,,1017.8,,1979-08-12
296,11.4,,,16.4,,232,17.1,,1002.4,,1977-10-09
325,14.0,,,2.6,,345,19.1,,1009.9,,1979-08-26
326,19.3,,,0.0,,263,5.2,,1020.0,,1979-09-09
327,16.6,,,0.0,,150,12.3,,1016.5,,1979-09-30
328,8.9,,,0.2,,249,17.9,,1000.5,,1979-10-07
403,7.4,,,0.0,,262,14.5,,1024.9,,1984-10-07
329,24.8,,,0.0,,74,15.5,,1014.9,,1980-01-13
340,19.8,,,0.7,,24,4.6,,1016.8,,1980-09-14
335,17.3,,,0.0,,298,17.6,,1011.5,,1980-06-29
411,22.6,,,0.7,,141,7.4,,1019.8,,1985-07-07
430,20.9,,,0.0,,281,3.8,,1019.0,,1986-07-27
431,23.2,,,0.0,,37,5.2,,1017.9,,1986-08-10
436,11.7,,,0.3,,195,16.6,,1019.7,,1986-10-26
441,23.6,,,16.3,,127,9.9,,1007.0,,1987-06-21
445,17.4,,,0.9,,152,8.3,,1017.3,,1987-08-09
440,17.7,,,0.3,,84,5.6,,1016.0,,1987-05-31
442,24.2,,,4.9,,104,5.1,,1016.6,,1987-07-05
444,13.5,,,0.4,,296,11.5,,1018.0,,1987-07-26
443,16.0,,,0.3,,278,10.5,,1016.9,,1987-07-12
54,14.5,,,0.5,,335,9.0,,1005.8,,1956-07-14
494,20.2,,,0.0,,270,4.7,,1019.7,,1990-08-12
496,17.1,,,0.0,,52,4.5,,1021.5,,1990-09-09
498,23.1,,,1.8,,256,6.2,,1016.9,,1990-09-30
551,18.1,,,0.0,,218,7.0,,1016.8,,1994-05-01
500,22.9,,,0.0,,133,9.8,,1016.1,,1990-11-04
553,19.4,,,0.0,,93,8.3,,1014.8,,1994-05-29
509,20.6,,,0.0,,72,10.4,,1016.2,,1991-07-28
567,13.8,,,5.0,,113,5.1,,1016.9,,1995-04-30
571,21.5,,,4.8,,237,8.5,,1008.4,,1995-07-02
552,15.6,,,0.0,,208,5.3,,1015.1,,1994-05-15
572,16.6,,,2.0,,247,13.9,,1010.0,,1995-07-16
573,22.9,,,0.0,,56,9.2,,1015.0,,1995-07-30
575,13.9,,,3.3,,280,16.6,,1012.9,,1995-08-27
577,17.7,,,0.0,,360,23.2,,1021.4,,1995-09-24
578,8.8,,,1.9,,227,14.1,,1013.1,,1995-10-01
563,16.3,,,14.6,,23,5.8,,1019.0,,1994-11-06
564,13.7,,,0.0,,176,19.4,,1017.2,,1994-11-13
579,15.7,,,0.0,,356,10.1,,1016.3,,1995-10-22
583,23.7,,,3.7,,127,5.9,,1013.5,,1996-03-31
584,15.2,,,0.0,,62,10.2,,1016.3,,1996-04-07
586,14.4,,,0.0,,128,8.2,,1014.6,,1996-05-05
585,10.0,,,1.5,,2,12.3,,1009.8,,1996-04-28
588,15.1,,,20.1,,108,7.6,,1015.3,,1996-06-02
587,15.9,,,12.9,,174,5.4,,1010.1,,1996-05-19
589,17.9,,,0.0,,13,7.0,,1019.4,,1996-06-16
592,20.9,,,0.5,,332,3.6,,1016.3,,1996-07-28
593,20.3,,,0.0,,125,14.1,,1014.7,,1996-08-11
594,14.2,,,1.4,,218,16.8,,1012.1,,1996-08-25
595,14.0,,,0.0,,353,6.0,,1012.8,,1996-09-08
608,21.0,,,0.0,,51,11.7,,1018.9,,1997-08-10
607,19.6,,,0.4,,239,12.8,,1018.3,,1997-07-27
609,22.8,,,0.1,,193,12.4,,1014.6,,1997-08-24
610,22.4,,,2.0,,5,4.3,,1019.1,,1997-09-07
611,10.5,,,0.0,,152,4.0,,1026.3,,1997-09-21
615,16.2,,,0.0,,168,14.4,,1023.4,,1998-03-08
591,18.7,,,0.5,,288,10.7,,1024.8,,1996-07-14
628,14.0,,,1.2,,329,6.3,,992.9,,1998-09-13
639,15.6,,,0.1,,5,4.7,,1020.0,,1999-07-25
627,11.4,,,2.8,,220,9.0,,1019.9,,1998-08-30
640,22.0,,,0.0,,66,7.8,,1014.7,,1999-08-01
677,12.2,,,1.4,,235,14.6,,1017.6,,2001-09-02
642,15.3,,,0.0,,65,8.1,,1021.6,,1999-08-29
679,14.3,,,0.0,,29,8.3,,1025.2,,2001-09-30
752,26.0,,,9.8,,254,4.7,,1008.6,,2006-03-19
753,13.6,,,0.0,,186,15.3,,1016.2,,2006-04-02
712,10.5,,,2.9,,292,11.7,,1013.7,,2003-09-28
750,17.1,,,0.0,,323,4.2,,1018.0,,2005-10-16
754,17.1,,,0.0,,224,8.2,,1014.3,,2006-04-23
755,12.9,,,0.0,,109,14.9,,1017.9,,2006-05-07
756,18.3,,,0.0,,222,8.7,,1021.2,,2006-05-14
757,20.2,,,0.0,,163,5.3,,1017.6,,2006-05-28
758,19.7,,,0.0,,194,9.8,,1019.7,,2006-06-11
760,26.9,,,0.0,,234,14.6,,1018.3,,2006-07-02
786,28.2,,,0.0,,359,12.8,,1017.3,,2008-03-16
759,21.1,,,0.0,,108,5.7,,1020.7,,2006-06-25
766,22.0,,,0.5,,33,8.2,,1015.5,,2006-10-01
787,25.1,,,14.5,,26,4.0,,1008.9,,2008-03-23
788,23.6,,,0.0,,342,19.0,,1012.6,,2008-04-06
790,12.2,,,0.0,,39,8.3,,1018.8,,2008-05-11
789,15.4,,,0.0,,106,8.3,,1022.6,,2008-04-27
795,17.8,,,0.0,,271,11.7,,1014.1,,2008-07-20
791,17.9,,,6.8,,54,9.5,,1014.1,,2008-05-25
792,23.9,,,4.5,,244,14.2,,1007.9,,2008-06-08
796,23.3,,,0.0,,310,9.1,,1015.5,,2008-08-03
799,14.6,,,10.7,,121,4.4,,1011.5,,2008-09-14
827,21.8,,,0.0,,33,5.1,,1013.4,,2010-05-30
829,24.5,,,0.0,,105,7.0,,1015.8,,2010-06-27
831,17.1,,,0.0,,284,7.4,,1017.7,,2010-07-25
828,19.5,,,0.0,,53,6.6,,1013.5,,2010-06-13
834,17.4,,,0.0,,50,5.4,,1018.0,,2010-09-12
840,15.5,,,0.0,,173,7.2,,1026.5,,2011-03-27
838,18.6,,,0.1,,111,9.1,,1013.0,,2010-11-07
846,15.3,,,23.5,,156,15.3,,1009.8,,2011-06-12
859,17.3,,,0.0,,164,10.7,,1024.1,,2012-03-18
860,25.8,,,9.9,,340,5.6,,1010.8,,2012-03-25
864,18.1,,,3.3,,195,4.6,,1017.2,,2012-05-27
863,18.5,,,2.1,,138,7.5,,1019.8,,2012-05-13
862,24.0,,,0.0,,347,12.4,,1009.8,,2012-04-22
865,20.1,,,0.0,,83,5.9,,1017.9,,2012-06-10
867,14.7,,,13.0,,345,10.8,,1005.9,,2012-07-08
868,15.3,,,0.0,,27,9.0,,1026.4,,2012-07-22
869,25.0,,,7.1,,325,8.5,,1009.9,,2012-07-29
879,14.7,,,0.9,,187,22.6,,1023.1,,2013-03-17
904,21.3,,,0.0,,233,8.7,,1012.2,,2014-06-08
908,22.7,,,6.3,,96,10.3,,1012.1,,2014-07-27
909,11.1,,,0.3,,252,11.9,,1018.7,,2014-08-24
910,20.2,,,0.0,,71,5.1,,1012.9,,2014-09-07
911,27.1,,,1.0,,215,9.7,,1011.9,,2014-09-21
913,18.6,,,0.0,,28,4.5,,1016.7,,2014-10-12
912,20.0,,,13.6,,0,4.5,,1013.5,,2014-10-05
914,16.3,,,0.0,,151,14.9,,1024.2,,2014-11-02
915,19.4,,,1.4,,144,11.4,,1014.6,,2014-11-09
919,13.9,,,0.0,,137,10.6,,1020.1,,2015-04-12
921,20.0,,,0.0,,218,8.1,,1024.2,,2015-05-10
930,22.1,,,1.3,,308,6.9,,1011.5,,2015-09-27
918,26.8,,,2.6,,103,5.1,,1010.2,,2015-03-29
1020,14.6,,,0.0,,30,5.8,,1024.8,,2020-07-12
950,27.5,,,11.9,,237,8.2,,1009.1,,2016-09-18
925,16.6,,,0.5,,245,11.3,,1017.2,,2015-07-05
926,22.9,,,0.0,,312,17.0,,1011.5,,2015-07-26
1022,16.5,,,0.0,,269,13.9,,1016.0,,2020-08-02
1136,23.9,,,0.0,,11,4.6,,1023.0,,2025-06-29
1139,20.3,,,3.1,,312,10.0,,1013.8,,2025-08-03
1140,19.0,,,2.4,,199,13.2,,1006.2,,2025-08-31
1129,26.4,,,0.0,,351,18.3,,1009.2,,2025-04-13
1142,17.6,,,2.2,,346,22.4,,1017.8,,2025-09-21
1131,25.2,,,2.0,,170,6.1,,1013.1,,2025-05-04
1133,18.3,,,0.0,,190,6.6,,1016.8,,2025-05-25
1130,31.5,,,0.0,,296,6.5,,1007.4,,2025-04-20
1134,23.8,,,0.0,,154,4.9,,1018.1,,2025-06-01
1135,19.4,,,0.0,,97,4.4,,1020.4,,2025-06-15
78,12.2,,,0.0,,241,10.0,,1013.7,,1959-05-31
46,15.8,,,3.8,,92,18.4,,1012.4,,1955-06-19
449,20.9,,,0.2,,195,6.1,,1011.7,,1987-09-27
60,21.4,,,3.4,,240,11.3,,1015.7,,1957-07-07
446,16.4,,,0.0,,323,6.8,,1018.4,,1987-08-16
447,20.2,,,7.5,,319,5.1,,1013.9,,1987-09-06
450,15.5,,,0.0,,5,5.5,,1017.6,,1987-10-18
488,17.3,,,8.6,,94,5.0,,1018.1,,1990-05-27
485,13.3,,,4.2,,201,18.3,,1012.0,,1990-03-11
453,23.3,,,6.5,,101,8.9,,1014.9,,1988-04-03
490,15.1,,,12.1,,16,6.6,,1017.4,,1990-06-24
497,18.9,,,1.2,,297,13.4,,1018.3,,1990-09-23
493,25.5,,,0.4,,297,10.2,,1017.7,,1990-07-29
499,16.7,,,0.0,,305,5.8,,1019.2,,1990-10-21
501,17.9,,,0.0,,64,5.7,,1011.0,,1991-03-10
489,15.5,,,20.4,,358,10.1,,1007.6,,1990-06-10
503,11.1,,,3.6,,205,5.5,,1013.8,,1991-04-28
491,22.2,,,0.0,,191,7.2,,1017.4,,1990-07-08
495,18.1,,,0.0,,5,8.4,,1018.2,,1990-08-26
492,18.9,,,0.3,,124,10.2,,1018.1,,1990-07-15
504,14.2,,,0.9,,80,5.3,,1013.6,,1991-05-12
507,19.9,,,3.5,,300,6.0,,1018.1,,1991-07-07
508,15.7,,,0.0,,266,15.4,,1014.7,,1991-07-14
516,18.3,,,15.4,,288,20.7,,1008.5,,1991-11-03
515,14.8,,,0.0,,319,11.1,,1017.6,,1991-10-20
517,23.9,,,0.0,,347,15.5,,1012.2,,1992-03-01
522,20.0,,,0.0,,77,6.9,,1012.6,,1992-05-31
519,21.6,,,0.0,,333,4.9,,1015.8,,1992-04-05
548,16.6,,,0.1,,103,9.7,,1017.9,,1993-11-07
549,18.2,,,3.2,,146,16.6,,1020.1,,1994-03-27
927,18.4,,,10.3,,138,17.7,,1007.7,,2015-08-23
922,17.3,,,0.2,,194,4.6,,1014.4,,2015-05-24
568,12.7,,,0.0,,168,7.3,,1017.9,,1995-05-14
929,27.4,,,1.7,,85,6.5,,1010.2,,2015-09-20
990,17.5,,,2.1,,35,3.4,,1016.5,,2018-09-02
1017,17.0,,,0.0,,132,16.9,,1014.3,,2019-11-17
1018,24.0,,,0.0,,326,11.0,,1016.8,,2019-12-01
1021,17.2,,,6.6,,36,8.6,,1014.8,,2020-07-19
1025,13.0,,,11.6,,308,8.9,,1010.2,,2020-08-30
1023,20.4,,,0.0,,43,16.5,,1019.0,,2020-08-09
1026,21.1,,,4.8,,317,6.9,,1013.4,,2020-09-06
1024,24.3,,,2.6,,133,8.3,,1011.4,,2020-08-16
1028,24.3,,,0.0,,128,4.5,,1012.9,,2020-09-27
1027,23.9,,,0.0,,24,11.9,,1022.5,,2020-09-13
1029,5.9,,,0.1,,285,12.1,,1020.8,,2020-10-11
1030,16.5,,,3.5,,266,15.2,,1021.4,,2020-10-25
1032,10.5,,,0.5,,16,7.9,,1024.1,,2020-11-15
1033,24.1,,,0.2,,144,16.4,,1016.6,,2020-11-29
1034,22.7,,,0.0,,266,22.6,,1012.8,,2020-12-06
1036,21.6,,,0.0,,336,38.2,,1015.9,,2021-03-28
1039,17.6,,,1.3,,88,9.3,,1010.4,,2021-05-09
1046,24.4,,,0.6,,164,12.7,,1007.0,,2021-08-01
1040,18.3,,,0.0,,157,8.9,,1014.4,,2021-05-23
1045,22.3,,,0.0,,318,5.6,,1025.1,,2021-07-18
1048,16.1,,,0.0,,70,10.6,,1021.6,,2021-09-05
1052,24.7,,,0.7,,181,12.8,,1010.3,,2021-10-24
1066,15.9,,,0.0,,335,20.8,,1013.9,,2022-06-19
1067,14.0,,,0.9,,274,10.0,,1019.0,,2022-07-03
1122,20.3,,,17.9,,87,10.3,,1015.2,,2024-11-03
1123,13.9,,,0.0,,190,4.7,,1012.3,,2024-11-24
1124,19.8,,,0.0,,308,20.9,,1017.0,,2024-12-01
1125,23.9,,,0.0,,40,9.6,,1018.6,,2024-12-08
1126,18.6,,,17.7,,237,15.7,,1011.0,,2025-03-16
1127,19.8,,,2.6,,244,12.7,,1013.8,,2025-03-23
1128,11.9,,,16.9,,52,7.4,,1015.2,,2025-04-06
1138,15.3,,,9.1,,316,7.7,,1014.6,,2025-07-27
1137,16.7,,,12.1,,288,15.3,,1006.5,,2025-07-06
1141,20.3,,,0.0,,312,3.6,,1019.4,,2025-09-07
550,14.1,,,0.0,,315,8.2,,1021.0,,1994-04-17
55,11.2,,,6.7,,245,7.5,,1013.4,,1956-08-05
74,19.3,,,0.0,,352,3.5,,1021.7,,1958-09-07
569,18.6,,,0.0,,261,4.7,,1021.1,,1995-05-28
48,17.3,,,7.9,,289,4.9,,1011.8,,1955-09-11
66,17.3,,,0.0,,250,5.5,,1018.7,,1958-05-18
75,20.1,,,0.0,,25,9.6,,1016.3,,1958-10-19
